r1,r2,t,sub,rs,condition
0.987967914438503,0.0120320855614974,1,1,-0.975935828877005,reward
0.0120320855614974,0.00534759358288772,2,1,-0.00668449197860968,control
0.00534759358288778,0.994652406417112,3,1,0.989304812834225,transition
0.0086898395721926,0.987967914438503,4,1,0.97927807486631,reward
0.0120320855614974,0.994652406417112,5,1,0.982620320855615,reward
0.00534759358288772,0.994652406417112,6,1,0.989304812834225,transition
0.0086898395721926,0.00200534759358295,7,1,-0.00668449197860965,control
0.00534759358288772,0.987967914438503,8,1,0.982620320855615,transition
0.00534759358288778,0.994652406417112,9,1,0.989304812834225,reward
0.00868983957219259,0.994652406417112,10,1,0.98596256684492,transition
0.0153743315508022,0.997994652406417,11,1,0.982620320855615,transition
0.0086898395721926,0.994652406417112,12,1,0.98596256684492,transition
0.0086898395721926,0.987967914438503,13,1,0.97927807486631,reward
0.00534759358288778,0.994652406417112,14,1,0.989304812834225,reward
0.0120320855614974,0.00534759358288778,15,1,-0.0066844919786096,control
0.994652406417112,0.991310160427807,16,1,-0.00334224598930488,transition
0.00534759358288778,0.997994652406417,17,1,0.992647058823529,reward
0.00200534759358296,0.994652406417112,18,1,0.992647058823529,reward
0.00534759358288778,0.00200534759358296,19,1,-0.00334224598930481,control
0.00534759358288772,0.997994652406417,20,1,0.992647058823529,transition
0.0287433155080214,0.754010695187166,1,2,0.725267379679144,reward
0.0320855614973262,0.129010695187166,2,2,0.0969251336898396,control
0.0086898395721926,0.827540106951872,3,2,0.818850267379679,transition
0.0254010695187167,0.0153743315508022,4,2,-0.0100267379679145,transition
0.0120320855614974,0.85427807486631,5,2,0.842245989304813,transition
0.0421122994652408,0.757352941176471,6,2,0.71524064171123,transition
0.00534759358288772,0.967914438502674,7,2,0.962566844919786,reward
0.00534759358288778,0.994652406417112,8,2,0.989304812834225,reward
0.0153743315508022,0.991310160427807,9,2,0.975935828877005,reward
0.00200534759358295,0.733957219251337,10,2,0.731951871657754,transition
0.00534759358288778,0.914438502673797,11,2,0.909090909090909,reward
0.00534759358288778,0.777406417112299,12,2,0.772058823529412,transition
0.0086898395721926,0.00200534759358296,13,2,-0.00668449197860964,control
0.00534759358288778,0.00534759358288772,14,2,-5.3776427755281e-17,control
0.0153743315508022,0.997994652406417,15,2,0.982620320855615,reward
0.0153743315508022,0.994652406417112,16,2,0.97927807486631,reward
0.0086898395721926,0.750668449197861,17,2,0.741978609625668,transition
0.018716577540107,0.520053475935829,18,2,0.501336898395722,transition
0.0120320855614974,0.784090909090909,19,2,0.772058823529412,reward
0.0120320855614974,0.1524064171123,20,2,0.140374331550802,control
0.00868983957219259,0.0086898395721926,1,3,1.56125112837913e-17,transition
0.00868983957219259,0.00534759358288772,2,3,-0.00334224598930487,reward
0.00534759358288772,0.00868983957219259,3,3,0.00334224598930487,control
0.0120320855614974,0.00534759358288772,4,3,-0.00668449197860968,reward
0.00200534759358295,0.018716577540107,5,3,0.0167112299465241,reward
0.0153743315508022,0.00534759358288772,6,3,-0.0100267379679145,control
0.00534759358288778,0.00534759358288778,7,3,0.0,transition
0.0120320855614974,0.0120320855614974,8,3,0.0,reward
0.0153743315508022,0.0120320855614974,9,3,-0.00334224598930481,reward
0.0086898395721926,0.00200534759358296,10,3,-0.00668449197860964,transition
0.00868983957219259,0.0320855614973262,11,3,0.0233957219251336,reward
0.0153743315508023,0.00200534759358296,12,3,-0.0133689839572193,transition
0.0120320855614974,0.018716577540107,13,3,0.00668449197860963,reward
0.0120320855614974,0.0086898395721926,14,3,-0.00334224598930477,transition
0.0120320855614974,0.018716577540107,15,3,0.00668449197860963,control
0.0120320855614974,0.0086898395721926,16,3,-0.0033422459893048,transition
0.0086898395721926,0.0220588235294118,17,3,0.0133689839572192,transition
0.00868983957219259,0.0086898395721926,18,3,1.56125112837913e-17,transition
0.018716577540107,0.0153743315508022,19,3,-0.00334224598930481,control
0.00868983957219259,0.0588235294117647,20,3,0.0501336898395721,reward
0.00200534759358296,0.994652406417112,1,4,0.992647058823529,reward
0.00534759358288778,0.780748663101604,2,4,0.775401069518717,reward
0.00534759358288778,0.49331550802139,3,4,0.487967914438503,reward
0.997994652406417,0.757352941176471,4,4,-0.240641711229946,transition
0.155748663101604,0.997994652406417,5,4,0.842245989304813,reward
0.00200534759358295,0.881016042780749,6,4,0.879010695187166,reward
0.967914438502674,0.0487967914438503,7,4,-0.919117647058823,transition
0.0153743315508023,0.0120320855614974,8,4,-0.00334224598930486,control
0.991310160427807,0.00868983957219259,9,4,-0.982620320855615,control
0.018716577540107,0.0254010695187167,10,4,0.00668449197860965,transition
0.997994652406417,0.994652406417112,11,4,-0.00334224598930477,reward
0.0354278074866311,0.994652406417112,12,4,0.959224598930481,reward
0.0655080213903744,0.994652406417112,13,4,0.929144385026738,transition
0.924465240641711,0.00200534759358295,14,4,-0.922459893048128,reward
0.981283422459893,0.00534759358288772,15,4,-0.975935828877005,transition
0.981283422459893,0.0254010695187167,16,4,-0.955882352941176,control
0.984625668449198,0.0086898395721926,17,4,-0.975935828877005,transition
0.987967914438503,0.984625668449198,18,4,-0.00334224598930488,transition
0.987967914438503,0.987967914438503,19,4,0.0,control
0.984625668449198,0.971256684491979,20,4,-0.0133689839572192,transition
0.00200534759358295,0.00200534759358295,1,5,0.0,reward
0.0086898395721926,0.0120320855614974,2,5,0.00334224598930477,control
0.00868983957219259,0.496657754010695,3,5,0.487967914438503,transition
0.0086898395721926,0.757352941176471,4,5,0.748663101604278,reward
0.0086898395721926,0.994652406417112,5,5,0.98596256684492,transition
0.00200534759358295,0.489973262032086,6,5,0.487967914438503,reward
0.0120320855614974,0.00534759358288778,7,5,-0.0066844919786096,control
0.00868983957219259,0.399732620320856,8,5,0.391042780748663,reward
0.0153743315508022,0.0254010695187167,9,5,0.0100267379679145,transition
0.0086898395721926,0.446524064171123,10,5,0.43783422459893,transition
0.0120320855614974,0.269385026737968,11,5,0.257352941176471,reward
0.0120320855614974,0.22927807486631,12,5,0.217245989304813,transition
0.981283422459893,0.737299465240642,13,5,-0.243983957219251,reward
0.0120320855614974,0.172459893048128,14,5,0.160427807486631,transition
0.00534759358288772,0.00868983957219259,15,5,0.00334224598930487,control
0.0086898395721926,0.834224598930481,16,5,0.825534759358289,transition
0.0120320855614974,0.503342245989305,17,5,0.491310160427807,reward
0.018716577540107,0.5,18,5,0.481283422459893,reward
0.0153743315508022,0.389705882352941,19,5,0.374331550802139,transition
0.0120320855614974,0.00534759358288778,20,5,-0.0066844919786096,control
0.00534759358288772,0.00868983957219259,1,6,0.00334224598930487,transition
0.991310160427807,0.991310160427807,2,6,0.0,reward
0.957887700534759,0.0120320855614974,3,6,-0.945855614973262,transition
0.132352941176471,0.0254010695187167,4,6,-0.106951871657754,transition
0.0254010695187167,0.0989304812834225,5,6,0.0735294117647058,transition
0.0220588235294118,0.0153743315508022,6,6,-0.00668449197860958,transition
0.0153743315508023,0.0822192513368984,7,6,0.0668449197860962,reward
0.018716577540107,0.0387700534759359,8,6,0.0200534759358289,control
0.0120320855614974,0.00534759358288778,9,6,-0.0066844919786096,reward
0.0120320855614974,0.0621657754010696,10,6,0.0501336898395722,reward
0.0788770053475937,0.0354278074866311,11,6,-0.0434491978609626,reward
0.00868983957219259,0.0855614973262033,12,6,0.0768716577540107,transition
0.904411764705882,0.941176470588235,13,6,0.036764705882353,transition
0.0554812834224599,0.0220588235294118,14,6,-0.0334224598930481,reward
0.0086898395721926,0.0788770053475936,15,6,0.070187165775401,reward
0.0086898395721926,0.0554812834224599,16,6,0.0467914438502673,control
0.0320855614973263,0.0220588235294118,17,6,-0.0100267379679145,transition
0.0788770053475936,0.0254010695187167,18,6,-0.053475935828877,reward
0.018716577540107,0.0120320855614974,19,6,-0.00668449197860963,control
0.00868983957219259,0.00200534759358295,20,6,-0.00668449197860964,control
0.00200534759358295,0.994652406417112,1,7,0.992647058823529,transition
0.00200534759358296,0.14572192513369,2,7,0.143716577540107,transition
0.0120320855614974,0.870989304812834,3,7,0.858957219251337,transition
0.00868983957219259,0.00534759358288778,4,7,-0.00334224598930481,control
0.0086898395721926,0.994652406417112,5,7,0.98596256684492,reward
0.0120320855614974,0.987967914438503,6,7,0.975935828877005,reward
0.0086898395721926,0.0086898395721926,7,7,0.0,control
0.0120320855614974,0.987967914438503,8,7,0.975935828877005,transition
0.018716577540107,0.981283422459893,9,7,0.962566844919786,transition
0.0287433155080214,0.954545454545454,10,7,0.925802139037433,transition
0.018716577540107,0.0153743315508023,11,7,-0.00334224598930477,control
0.0287433155080214,0.994652406417112,12,7,0.965909090909091,reward
0.0086898395721926,0.991310160427807,13,7,0.982620320855615,transition
0.0153743315508022,0.991310160427807,14,7,0.975935828877005,reward
0.0220588235294118,0.76403743315508,15,7,0.741978609625668,reward
0.0120320855614974,0.700534759358289,16,7,0.688502673796791,reward
0.0254010695187167,0.984625668449198,17,7,0.959224598930481,reward
0.018716577540107,0.14572192513369,18,7,0.127005347593583,control
0.0254010695187167,0.977941176470588,19,7,0.952540106951872,transition
0.00534759358288772,0.974598930481283,20,7,0.969251336898396,reward
0.0120320855614974,0.934491978609626,1,8,0.922459893048128,reward
0.0421122994652408,0.182486631016043,2,8,0.140374331550802,transition
0.0454545454545455,0.0487967914438503,3,8,0.00334224598930481,control
0.0487967914438503,0.239304812834225,4,8,0.190508021390374,transition
0.0387700534759359,0.757352941176471,5,8,0.718582887700535,transition
0.0387700534759359,0.560160427807487,6,8,0.521390374331551,transition
0.0889037433155081,0.743983957219251,7,8,0.655080213903743,transition
0.108957219251337,0.707219251336898,8,8,0.598262032085562,transition
0.0822192513368984,0.964572192513369,9,8,0.88235294117647,transition
0.0387700534759359,0.0655080213903744,10,8,0.0267379679144385,control
0.0822192513368985,0.894385026737968,11,8,0.812165775401069,transition
0.0922459893048129,0.129010695187166,12,8,0.0367647058823529,control
0.0688502673796792,0.864304812834225,13,8,0.795454545454545,reward
0.0889037433155081,0.86096256684492,14,8,0.772058823529412,reward
0.13903743315508,0.961229946524064,15,8,0.822192513368984,reward
0.112299465240642,0.921122994652406,16,8,0.808823529411765,reward
0.0588235294117648,0.817513368983957,17,8,0.758689839572192,reward
0.0855614973262033,0.881016042780749,18,8,0.795454545454545,reward
0.202540106951872,0.125668449197861,19,8,-0.0768716577540107,control
0.0120320855614974,0.827540106951872,20,8,0.815508021390374,reward
0.00200534759358296,0.994652406417112,1,9,0.992647058823529,transition
0.00200534759358295,0.994652406417112,2,9,0.992647058823529,reward
0.00534759358288772,0.997994652406417,3,9,0.992647058823529,reward
0.00200534759358296,0.997994652406417,4,9,0.995989304812834,reward
0.00534759358288778,0.00200534759358295,5,9,-0.00334224598930482,control
0.00200534759358295,0.994652406417112,6,9,0.992647058823529,transition
0.00534759358288772,0.991310160427807,7,9,0.98596256684492,reward
0.00534759358288772,0.997994652406417,8,9,0.992647058823529,transition
0.00534759358288772,0.997994652406417,9,9,0.992647058823529,transition
0.00200534759358295,0.994652406417112,10,9,0.992647058823529,reward
0.00200534759358295,0.00200534759358296,11,9,1.21430643318376e-17,control
0.00200534759358295,0.994652406417112,12,9,0.992647058823529,transition
0.00200534759358295,0.997994652406417,13,9,0.995989304812834,reward
0.00868983957219259,0.991310160427807,14,9,0.982620320855615,transition
0.00534759358288772,0.997994652406417,15,9,0.992647058823529,reward
0.00200534759358295,0.994652406417112,16,9,0.992647058823529,reward
0.00200534759358295,0.00534759358288778,17,9,0.00334224598930482,control
0.00200534759358296,0.997994652406417,18,9,0.995989304812834,transition
0.00200534759358296,0.997994652406417,19,9,0.995989304812834,transition
0.00200534759358295,0.00534759358288772,20,9,0.00334224598930477,control
0.00200534759358295,0.23596256684492,1,10,0.233957219251337,transition
0.00200534759358295,0.00200534759358295,2,10,0.0,control
0.00200534759358296,0.754010695187166,3,10,0.752005347593583,transition
0.00200534759358296,0.994652406417112,4,10,0.992647058823529,reward
0.0120320855614974,0.0120320855614974,5,10,0.0,control
0.00534759358288778,0.987967914438503,6,10,0.982620320855615,reward
0.00200534759358296,0.991310160427807,7,10,0.989304812834224,transition
0.0220588235294118,0.987967914438503,8,10,0.965909090909091,transition
0.00534759358288772,0.122326203208556,9,10,0.116978609625669,transition
0.0153743315508023,0.479946524064171,10,10,0.464572192513369,control
0.0086898395721926,0.215909090909091,11,10,0.207219251336898,transition
0.0120320855614974,0.974598930481283,12,10,0.962566844919786,reward
0.329545454545455,0.242647058823529,13,10,-0.0868983957219251,transition
0.249331550802139,0.5,14,10,0.250668449197861,reward
0.0354278074866311,0.760695187165775,15,10,0.725267379679144,reward
0.018716577540107,0.00200534759358296,16,10,-0.0167112299465241,control
0.0153743315508022,0.757352941176471,17,10,0.741978609625668,transition
0.00868983957219259,0.977941176470588,18,10,0.969251336898396,reward
0.0220588235294118,0.981283422459893,19,10,0.959224598930481,reward
0.00200534759358296,0.994652406417112,20,10,0.992647058823529,reward
0.00200534759358296,0.997994652406417,1,11,0.995989304812834,transition
0.00200534759358296,0.991310160427807,2,11,0.989304812834224,reward
0.00200534759358295,0.994652406417112,3,11,0.992647058823529,transition
0.00200534759358296,0.991310160427807,4,11,0.989304812834224,reward
0.00534759358288772,0.00200534759358295,5,11,-0.00334224598930477,control
0.00200534759358296,0.00534759358288778,6,11,0.00334224598930481,control
0.0120320855614974,0.994652406417112,7,11,0.982620320855615,reward
0.00534759358288772,0.997994652406417,8,11,0.992647058823529,reward
0.00868983957219259,0.991310160427807,9,11,0.982620320855615,reward
0.00200534759358296,0.997994652406417,10,11,0.995989304812834,reward
0.00534759358288778,0.997994652406417,11,11,0.992647058823529,transition
0.00200534759358296,0.994652406417112,12,11,0.992647058823529,transition
0.00534759358288778,0.00534759358288778,13,11,0.0,control
0.00534759358288772,0.997994652406417,14,11,0.992647058823529,transition
0.0220588235294118,0.991310160427807,15,11,0.969251336898396,transition
0.00534759358288772,0.997994652406417,16,11,0.992647058823529,transition
0.00200534759358295,0.994652406417112,17,11,0.992647058823529,reward
0.00200534759358296,0.997994652406417,18,11,0.995989304812834,reward
0.00200534759358295,0.994652406417112,19,11,0.992647058823529,transition
0.00200534759358296,0.00534759358288772,20,11,0.00334224598930476,control
0.026745801303476,0.0128545914104279,1,12,-0.0138912098930481,transition
0.0160793365641712,0.994352126504011,2,12,0.978272789939839,transition
0.0200743649732621,0.0081023353943851,3,12,-0.011972029578877,reward
0.0219804896390375,0.982784822025401,4,12,0.960804332386363,reward
0.0113140248997327,0.982771766377005,5,12,0.971457741477273,reward
0.023272998830214,0.977758397393048,6,12,0.954485398562834,reward
0.0115751378676471,0.00628760026737975,7,12,-0.00528753760026732,control
0.0082198362299466,0.983933719084225,8,12,0.975713882854278,transition
0.0127240349264707,0.988033192680481,9,12,0.975309157754011,reward
0.0102695730280749,0.992028221089572,10,12,0.981758648061497,transition
0.0176329587232621,0.997550760360962,11,12,0.9799178016377,transition
0.031393612132353,0.0195390833890375,12,12,-0.0118545287433155,control
0.0034545245655081,0.987145408589572,13,12,0.983690884024064,transition
0.0249310661764707,0.982641209893048,14,12,0.957710143716577,reward
0.0144212692179145,0.978137011196524,15,12,0.963715741978609,reward
0.0033370237299466,0.959480489639037,16,12,0.956143465909091,reward
0.020452978776738,0.973384755180481,17,12,0.952931776403743,transition
0.0241738385695188,0.990735711898396,18,12,0.966561873328877,transition
0.00707093917112311,0.016275171290107,19,12,0.00920423211898391,control
0.00939484458556161,0.0192910260695188,20,12,0.00989618148395718,control
0.0320855614973262,0.994652406417112,1,13,0.962566844919786,reward
0.00868983957219259,0.984625668449198,2,13,0.975935828877005,transition
0.018716577540107,0.991310160427807,3,13,0.9725935828877,transition
0.018716577540107,0.961229946524064,4,13,0.942513368983957,transition
0.0153743315508023,0.991310160427807,5,13,0.975935828877005,transition
0.0086898395721926,0.977941176470588,6,13,0.969251336898396,transition
0.0521390374331551,0.0387700534759359,7,13,-0.0133689839572193,control
0.0254010695187167,0.961229946524064,8,13,0.935828877005347,transition
0.0220588235294118,0.987967914438503,9,13,0.965909090909091,reward
0.0554812834224599,0.967914438502674,10,13,0.912433155080214,transition
0.0421122994652407,0.957887700534759,11,13,0.915775401069518,reward
0.0487967914438503,0.954545454545454,12,13,0.905748663101604,transition
0.0454545454545455,0.00534759358288772,13,13,-0.0401069518716578,control
0.0287433155080215,0.984625668449198,14,13,0.955882352941176,reward
0.05548128342246,0.954545454545454,15,13,0.899064171122995,reward
0.0287433155080215,0.0220588235294118,16,13,-0.00668449197860962,control
0.0120320855614974,0.997994652406417,17,13,0.98596256684492,reward
0.0153743315508023,0.967914438502674,18,13,0.952540106951872,reward
0.05548128342246,0.934491978609626,19,13,0.879010695187166,reward
0.0254010695187167,0.0387700534759359,20,13,0.0133689839572192,control
0.122326203208556,0.112299465240642,1,14,-0.0100267379679144,control
0.169117647058824,0.105614973262032,2,14,-0.0635026737967914,reward
0.0320855614973263,0.887700534759358,3,14,0.855614973262032,reward
0.0655080213903744,0.931149732620321,4,14,0.865641711229946,reward
0.0755347593582888,0.934491978609626,5,14,0.858957219251337,reward
0.0254010695187167,0.924465240641711,6,14,0.899064171122995,transition
0.0989304812834225,0.93783422459893,7,14,0.838903743315508,transition
0.0554812834224599,0.426470588235294,8,14,0.370989304812834,control
0.0287433155080215,0.887700534759358,9,14,0.858957219251337,reward
0.05548128342246,0.967914438502674,10,14,0.912433155080214,reward
0.0320855614973263,0.904411764705882,11,14,0.872326203208556,transition
0.0354278074866311,0.817513368983957,12,14,0.782085561497326,transition
0.0621657754010696,0.0621657754010696,13,14,-1.38777878078145e-17,control
0.112299465240642,0.914438502673797,14,14,0.802139037433155,transition
0.0254010695187167,0.961229946524064,15,14,0.935828877005347,reward
0.00200534759358295,0.00534759358288778,16,14,0.00334224598930482,control
0.0153743315508023,0.974598930481283,17,14,0.959224598930481,transition
0.0387700534759359,0.964572192513369,18,14,0.925802139037433,transition
0.0354278074866311,0.967914438502674,19,14,0.932486631016043,transition
0.00534759358288772,0.977941176470588,20,14,0.9725935828877,reward
0.0254010695187167,0.981283422459893,1,15,0.955882352941176,transition
0.185828877005348,0.122326203208556,2,15,-0.0635026737967914,control
0.1524064171123,0.800802139037433,3,15,0.648395721925134,reward
0.118983957219251,0.814171122994652,4,15,0.695187165775401,reward
0.182486631016043,0.850935828877005,5,15,0.668449197860962,transition
0.112299465240642,0.162433155080214,6,15,0.0501336898395722,control
0.108957219251337,0.787433155080214,7,15,0.678475935828877,reward
0.112299465240642,0.817513368983957,8,15,0.705213903743315,reward
0.175802139037433,0.810828877005348,9,15,0.635026737967914,reward
0.149064171122995,0.185828877005348,10,15,0.036764705882353,transition
0.185828877005348,0.817513368983957,11,15,0.63168449197861,reward
0.202540106951872,0.774064171122995,12,15,0.571524064171123,transition
0.072192513368984,0.750668449197861,13,15,0.678475935828877,transition
0.189171122994652,0.810828877005348,14,15,0.621657754010695,reward
0.149064171122995,0.864304812834225,15,15,0.71524064171123,transition
0.132352941176471,0.800802139037433,16,15,0.668449197860962,reward
0.0688502673796793,0.0989304812834225,17,15,0.0300802139037433,transition
0.0922459893048129,0.834224598930481,18,15,0.741978609625668,transition
0.0655080213903744,0.072192513368984,19,15,0.00668449197860965,control
0.1524064171123,0.125668449197861,20,15,-0.0267379679144385,control
0.0120320855614974,0.760695187165775,1,16,0.748663101604278,control
0.00200534759358296,0.239304812834225,2,16,0.237299465240642,reward
0.00200534759358295,0.00200534759358296,3,16,1.21430643318376e-17,control
0.00200534759358295,0.00534759358288772,4,16,0.00334224598930477,transition
0.316176470588235,0.00200534759358295,5,16,-0.314171122994652,transition
0.00534759358288772,0.00200534759358295,6,16,-0.00334224598930477,transition
0.00200534759358295,0.00200534759358296,7,16,1.21430643318376e-17,transition
0.00200534759358295,0.00534759358288772,8,16,0.00334224598930477,reward
0.00200534759358296,0.00200534759358295,9,16,-1.21430643318376e-17,reward
0.00200534759358295,0.994652406417112,10,16,0.992647058823529,reward
0.00200534759358295,0.997994652406417,11,16,0.995989304812834,reward
0.00534759358288778,0.997994652406417,12,16,0.992647058823529,reward
0.00200534759358296,0.994652406417112,13,16,0.992647058823529,transition
0.00200534759358296,0.997994652406417,14,16,0.995989304812834,transition
0.00200534759358296,0.997994652406417,15,16,0.995989304812834,transition
0.00200534759358296,0.00534759358288772,16,16,0.00334224598930476,control
0.00200534759358296,0.997994652406417,17,16,0.995989304812834,transition
0.00200534759358295,0.997994652406417,18,16,0.995989304812834,reward
0.00534759358288778,0.00200534759358295,19,16,-0.00334224598930482,control
0.00534759358288772,0.994652406417112,20,16,0.989304812834225,reward
0.00534759358288778,0.984625668449198,1,17,0.97927807486631,control
0.00200534759358295,0.750668449197861,2,17,0.748663101604278,reward
0.00534759358288778,0.516711229946524,3,17,0.511363636363636,reward
0.977941176470588,0.516711229946524,4,17,-0.461229946524064,control
0.00868983957219259,0.520053475935829,5,17,0.511363636363636,transition
0.00534759358288772,0.520053475935829,6,17,0.514705882352941,reward
0.175802139037433,0.49331550802139,7,17,0.317513368983957,reward
0.0120320855614974,0.510026737967914,8,17,0.497994652406417,transition
0.0086898395721926,0.510026737967914,9,17,0.501336898395722,transition
0.00534759358288778,0.523395721925134,10,17,0.518048128342246,transition
0.449866310160428,0.449866310160428,11,17,0.0,reward
0.0120320855614974,0.446524064171123,12,17,0.434491978609626,reward
0.018716577540107,0.383021390374332,13,17,0.364304812834225,transition
0.0086898395721926,0.533422459893048,14,17,0.524732620320856,reward
0.00200534759358295,0.436497326203209,15,17,0.434491978609626,transition
0.00534759358288778,0.446524064171123,16,17,0.441176470588235,control
0.00200534759358295,0.573529411764706,17,17,0.571524064171123,reward
0.00534759358288778,0.463235294117647,18,17,0.457887700534759,transition
0.00534759358288772,0.540106951871658,19,17,0.53475935828877,transition
0.00534759358288778,0.00534759358288778,20,17,0.0,control
0.0153743315508022,0.00868983957219259,1,18,-0.00668449197860962,reward
0.0120320855614974,0.0120320855614974,2,18,0.0,transition
0.00200534759358296,0.0220588235294118,3,18,0.0200534759358289,transition
0.0153743315508022,0.018716577540107,4,18,0.00334224598930481,transition
0.00868983957219259,0.00534759358288772,5,18,-0.00334224598930487,control
0.0220588235294118,0.0120320855614974,6,18,-0.0100267379679144,reward
0.0220588235294118,0.018716577540107,7,18,-0.00334224598930481,reward
0.0120320855614974,0.00200534759358295,8,18,-0.0100267379679144,reward
0.0220588235294118,0.0120320855614974,9,18,-0.0100267379679145,transition
0.00868983957219259,0.00534759358288772,10,18,-0.00334224598930487,transition
0.0120320855614974,0.0153743315508022,11,18,0.00334224598930484,control
0.0220588235294118,0.00534759358288778,12,18,-0.0167112299465241,control
0.0254010695187167,0.0153743315508023,13,18,-0.0100267379679144,transition
0.974598930481283,0.0320855614973263,14,18,-0.942513368983957,transition
0.018716577540107,0.00200534759358295,15,18,-0.0167112299465241,control
0.0153743315508023,0.0421122994652408,16,18,0.0267379679144385,reward
0.018716577540107,0.0120320855614974,17,18,-0.00668449197860963,transition
0.018716577540107,0.0120320855614974,18,18,-0.00668449197860965,reward
0.018716577540107,0.0454545454545455,19,18,0.0267379679144385,reward
0.0120320855614974,0.0320855614973262,20,18,0.0200534759358288,reward
0.486631016042781,0.560160427807487,1,19,0.0735294117647059,control
0.316176470588235,0.339572192513369,2,19,0.0233957219251337,reward
0.129010695187166,0.165775401069519,3,19,0.0367647058823529,transition
0.961229946524064,0.13903743315508,4,19,-0.822192513368984,control
0.0788770053475937,0.219251336898396,5,19,0.140374331550802,transition
0.0655080213903744,0.827540106951872,6,19,0.762032085561497,transition
0.102272727272727,0.479946524064171,7,19,0.377673796791444,reward
0.00868983957219259,0.175802139037433,8,19,0.167112299465241,control
0.108957219251337,0.159090909090909,9,19,0.0501336898395722,transition
0.00200534759358296,0.189171122994652,10,19,0.187165775401069,control
0.105614973262032,0.195855614973262,11,19,0.0902406417112299,transition
0.115641711229947,0.0788770053475936,12,19,-0.0367647058823529,reward
0.0688502673796793,0.105614973262032,13,19,0.0367647058823529,reward
0.0554812834224599,0.0989304812834225,14,19,0.0434491978609626,transition
0.122326203208556,0.0688502673796792,15,19,-0.053475935828877,reward
0.115641711229947,0.0688502673796793,16,19,-0.0467914438502673,transition
0.0287433155080215,0.212566844919786,17,19,0.183823529411765,reward
0.1524064171123,0.0822192513368985,18,19,-0.0701871657754011,reward
0.122326203208556,0.202540106951872,19,19,0.0802139037433155,transition
0.112299465240642,0.199197860962567,20,19,0.0868983957219251,reward
0.00200534759358296,0.00868983957219259,1,20,0.00668449197860962,control
0.00200534759358296,0.834224598930481,2,20,0.832219251336898,transition
0.00534759358288778,0.115641711229947,3,20,0.110294117647059,transition
0.00534759358288772,0.800802139037433,4,20,0.795454545454545,reward
0.00200534759358296,0.125668449197861,5,20,0.123663101604278,reward
0.0220588235294118,0.961229946524064,6,20,0.939171122994652,transition
0.0153743315508022,0.994652406417112,7,20,0.97927807486631,reward
0.0254010695187167,0.503342245989305,8,20,0.477941176470588,transition
0.0320855614973262,0.00534759358288772,9,20,-0.0267379679144385,control
0.0254010695187167,0.222593582887701,10,20,0.197192513368984,reward
0.00200534759358296,0.5,11,20,0.497994652406417,transition
0.0086898395721926,0.189171122994652,12,20,0.18048128342246,reward
0.984625668449198,0.282754010695187,13,20,-0.701871657754011,reward
0.018716577540107,0.0287433155080214,14,20,0.0100267379679144,transition
0.0320855614973262,0.864304812834225,15,20,0.832219251336898,reward
0.0120320855614974,0.914438502673797,16,20,0.902406417112299,transition
0.0320855614973262,0.964572192513369,17,20,0.932486631016043,reward
0.0387700534759359,0.00534759358288772,18,20,-0.0334224598930482,control
0.00200534759358296,0.0287433155080214,19,20,0.0267379679144385,control
0.018716577540107,0.0287433155080214,20,20,0.0100267379679144,transition
0.00534759358288772,0.00534759358288772,1,21,0.0,reward
0.00200534759358296,0.00200534759358296,2,21,0.0,transition
0.00534759358288772,0.00200534759358295,3,21,-0.00334224598930477,transition
0.00200534759358295,0.00534759358288778,4,21,0.00334224598930482,control
0.00200534759358295,0.00534759358288778,5,21,0.00334224598930482,transition
0.00200534759358296,0.0153743315508023,6,21,0.0133689839572193,reward
0.00200534759358296,0.00868983957219259,7,21,0.00668449197860962,reward
0.0120320855614974,0.0120320855614974,8,21,-2.60208521396521e-17,reward
0.0220588235294118,0.018716577540107,9,21,-0.00334224598930477,control
0.00534759358288772,0.0120320855614974,10,21,0.00668449197860968,transition
0.0120320855614974,0.0086898395721926,11,21,-0.0033422459893048,control
0.00534759358288778,0.0153743315508022,12,21,0.0100267379679144,reward
0.00868983957219259,0.0955882352941177,13,21,0.0868983957219251,transition
0.0320855614973263,0.222593582887701,14,21,0.190508021390374,control
0.00200534759358296,0.620320855614973,15,21,0.61831550802139,reward
0.112299465240642,0.446524064171123,16,21,0.334224598930481,transition
0.00200534759358295,0.352941176470588,17,21,0.350935828877005,reward
0.00534759358288772,0.399732620320856,18,21,0.394385026737968,transition
0.00534759358288772,0.386363636363636,19,21,0.381016042780749,reward
0.997994652406417,0.707219251336898,20,21,-0.290775401069519,transition
0.0086898395721926,0.997994652406417,1,22,0.989304812834224,reward
0.00200534759358296,0.00534759358288772,2,22,0.00334224598930476,control
0.00200534759358295,0.653743315508021,3,22,0.651737967914438,transition
0.00200534759358296,0.780748663101604,4,22,0.778743315508021,reward
0.00534759358288772,0.0153743315508023,5,22,0.0100267379679145,control
0.00200534759358296,0.991310160427807,6,22,0.989304812834224,transition
0.00534759358288772,0.00534759358288772,7,22,0.0,control
0.00534759358288778,0.00200534759358295,8,22,-0.00334224598930482,reward
0.00534759358288772,0.997994652406417,9,22,0.992647058823529,reward
0.00200534759358295,0.997994652406417,10,22,0.995989304812834,reward
0.00200534759358295,0.997994652406417,11,22,0.995989304812834,reward
0.00200534759358296,0.997994652406417,12,22,0.995989304812834,transition
0.00534759358288778,0.991310160427807,13,22,0.98596256684492,transition
0.00868983957219259,0.994652406417112,14,22,0.98596256684492,transition
0.00200534759358295,0.984625668449198,15,22,0.982620320855615,reward
0.00534759358288772,0.991310160427807,16,22,0.98596256684492,transition
0.00200534759358296,0.991310160427807,17,22,0.989304812834224,transition
0.00534759358288772,0.991310160427807,18,22,0.98596256684492,transition
0.00200534759358295,0.0086898395721926,19,22,0.00668449197860965,control
0.00534759358288778,0.997994652406417,20,22,0.992647058823529,reward
0.0120320855614974,0.00534759358288778,1,23,-0.00668449197860962,transition
0.0153743315508023,0.0086898395721926,2,23,-0.00668449197860965,reward
0.00534759358288772,0.991310160427807,3,23,0.98596256684492,reward
0.0120320855614974,0.00534759358288778,4,23,-0.0066844919786096,control
0.0086898395721926,0.0086898395721926,5,23,0.0,control
0.00534759358288772,0.0120320855614974,6,23,0.00668449197860965,control
0.00534759358288778,0.0086898395721926,7,23,0.00334224598930483,control
0.00200534759358296,0.994652406417112,8,23,0.992647058823529,transition
0.00534759358288772,0.994652406417112,9,23,0.989304812834225,transition
0.00200534759358295,0.997994652406417,10,23,0.995989304812834,transition
0.0120320855614974,0.997994652406417,11,23,0.98596256684492,reward
0.00534759358288778,0.991310160427807,12,23,0.98596256684492,reward
0.00200534759358296,0.997994652406417,13,23,0.995989304812834,transition
0.00534759358288778,0.0086898395721926,14,23,0.00334224598930483,transition
0.00534759358288778,0.994652406417112,15,23,0.989304812834225,reward
0.00200534759358296,0.994652406417112,16,23,0.992647058823529,transition
0.00200534759358295,0.994652406417112,17,23,0.992647058823529,reward
0.00534759358288772,0.994652406417112,18,23,0.989304812834225,transition
0.00534759358288772,0.997994652406417,19,23,0.992647058823529,reward
0.00200534759358296,0.991310160427807,20,23,0.989304812834224,reward
0.00200534759358296,0.997994652406417,1,24,0.995989304812834,reward
0.00868983957219259,0.00534759358288772,2,24,-0.00334224598930487,control
0.00534759358288778,0.994652406417112,3,24,0.989304812834225,reward
0.00200534759358296,0.496657754010695,4,24,0.494652406417112,transition
0.00200534759358295,0.997994652406417,5,24,0.995989304812834,transition
0.00534759358288778,0.994652406417112,6,24,0.989304812834225,reward
0.00200534759358296,0.00200534759358296,7,24,0.0,control
0.00200534759358296,0.00534759358288778,8,24,0.00334224598930481,control
0.00200534759358296,0.50668449197861,9,24,0.504679144385027,transition
0.0120320855614974,0.997994652406417,10,24,0.98596256684492,reward
0.00534759358288772,0.0354278074866311,11,24,0.0300802139037434,control
0.00200534759358295,0.503342245989305,12,24,0.501336898395722,transition
0.00534759358288772,0.50668449197861,13,24,0.501336898395722,transition
0.00200534759358295,0.286096256684492,14,24,0.284090909090909,transition
0.00200534759358296,0.987967914438503,15,24,0.98596256684492,reward
0.483288770053476,0.987967914438503,16,24,0.504679144385027,reward
0.00868983957219259,0.987967914438503,17,24,0.97927807486631,reward
0.927807486631016,0.0387700534759359,18,24,-0.88903743315508,reward
0.0086898395721926,0.516711229946524,19,24,0.508021390374331,transition
0.00534759358288778,0.5,20,24,0.494652406417112,transition
0.0086898395721926,0.00200534759358296,1,25,-0.00668449197860964,reward
0.0120320855614974,0.0153743315508023,2,25,0.00334224598930488,transition
0.018716577540107,0.018716577540107,3,25,0.0,control
0.00534759358288778,0.0086898395721926,4,25,0.00334224598930483,reward
0.0086898395721926,0.0153743315508023,5,25,0.00668449197860965,transition
0.00534759358288778,0.0153743315508022,6,25,0.0100267379679144,reward
0.0120320855614974,0.00534759358288772,7,25,-0.00668449197860965,control
0.0120320855614974,0.00534759358288772,8,25,-0.00668449197860965,transition
0.00868983957219259,0.0153743315508023,9,25,0.00668449197860967,transition
0.00200534759358296,0.0086898395721926,10,25,0.00668449197860964,transition
0.0120320855614974,0.0120320855614974,11,25,0.0,transition
0.00200534759358296,0.00534759358288778,12,25,0.00334224598930481,reward
0.00534759358288772,0.0153743315508023,13,25,0.0100267379679145,control
0.00868983957219259,0.0120320855614974,14,25,0.00334224598930479,transition
0.0120320855614974,0.0120320855614974,15,25,2.60208521396521e-17,reward
0.0153743315508023,0.0120320855614974,16,25,-0.00334224598930488,reward
0.00868983957219259,0.0086898395721926,17,25,1.56125112837913e-17,reward
0.00534759358288778,0.00534759358288772,18,25,-5.3776427755281e-17,transition
0.0120320855614974,0.0086898395721926,19,25,-0.0033422459893048,control
0.00534759358288778,0.00534759358288778,20,25,0.0,reward
0.00534759358288778,0.0120320855614974,1,26,0.00668449197860962,reward
0.00200534759358296,0.00868983957219259,2,26,0.00668449197860962,reward
0.00200534759358295,0.0153743315508022,3,26,0.0133689839572193,transition
0.0153743315508022,0.957887700534759,4,26,0.942513368983957,transition
0.0220588235294118,0.0421122994652408,5,26,0.020053475935829,transition
0.0320855614973262,0.0120320855614974,6,26,-0.0200534759358288,transition
0.0254010695187167,0.0421122994652407,7,26,0.016711229946524,transition
0.921122994652406,0.991310160427807,8,26,0.0701871657754011,reward
0.974598930481283,0.0487967914438503,9,26,-0.925802139037433,control
0.0254010695187167,0.0354278074866311,10,26,0.0100267379679144,reward
0.0387700534759359,0.0220588235294118,11,26,-0.0167112299465241,control
0.0254010695187167,0.0220588235294118,12,26,-0.00334224598930485,reward
0.00534759358288778,0.0220588235294118,13,26,0.0167112299465241,transition
0.0354278074866311,0.967914438502674,14,26,0.932486631016043,reward
0.0621657754010696,0.0655080213903744,15,26,0.00334224598930477,control
0.0688502673796793,0.0220588235294118,16,26,-0.0467914438502674,control
0.0487967914438503,0.0120320855614974,17,26,-0.0367647058823529,reward
0.0086898395721926,0.0788770053475937,18,26,0.0701871657754011,reward
0.0254010695187167,0.0086898395721926,19,26,-0.0167112299465241,transition
0.072192513368984,0.0254010695187167,20,26,-0.0467914438502674,transition
0.0254010695187167,0.994652406417112,1,27,0.969251336898396,transition
0.00200534759358296,0.00200534759358295,2,27,-1.21430643318376e-17,control
0.00200534759358296,0.997994652406417,3,27,0.995989304812834,reward
0.00200534759358296,0.997994652406417,4,27,0.995989304812834,transition
0.00534759358288772,0.994652406417112,5,27,0.989304812834225,reward
0.0120320855614974,0.00868983957219259,6,27,-0.00334224598930481,control
0.00868983957219259,0.997994652406417,7,27,0.989304812834224,reward
0.00200534759358296,0.00534759358288778,8,27,0.00334224598930481,control
0.00534759358288772,0.994652406417112,9,27,0.989304812834225,transition
0.00534759358288778,0.991310160427807,10,27,0.98596256684492,reward
0.00534759358288778,0.991310160427807,11,27,0.98596256684492,transition
0.00200534759358296,0.997994652406417,12,27,0.995989304812834,transition
0.0086898395721926,0.991310160427807,13,27,0.982620320855615,transition
0.00534759358288778,0.994652406417112,14,27,0.989304812834225,reward
0.00868983957219259,0.00534759358288778,15,27,-0.00334224598930481,control
0.0086898395721926,0.991310160427807,16,27,0.982620320855615,transition
0.0153743315508023,0.994652406417112,17,27,0.97927807486631,reward
0.00534759358288778,0.994652406417112,18,27,0.989304812834225,reward
0.00534759358288772,0.997994652406417,19,27,0.992647058823529,transition
0.00534759358288772,0.987967914438503,20,27,0.982620320855615,reward
0.00868983957219259,0.720588235294118,1,28,0.711898395721925,reward
0.0120320855614974,0.00534759358288772,2,28,-0.00668449197860968,transition
0.00868983957219259,0.00868983957219259,3,28,0.0,transition
0.0120320855614974,0.0153743315508022,4,28,0.00334224598930484,transition
0.00200534759358295,0.459893048128342,5,28,0.457887700534759,transition
0.0086898395721926,0.489973262032086,6,28,0.481283422459893,transition
0.00868983957219259,0.00534759358288778,7,28,-0.00334224598930481,control
0.00200534759358296,0.469919786096257,8,28,0.467914438502674,reward
0.00534759358288778,0.00200534759358295,9,28,-0.00334224598930482,control
0.00200534759358296,0.476604278074866,10,28,0.474598930481283,reward
0.00868983957219259,0.239304812834225,11,28,0.230614973262032,transition
0.00200534759358296,0.49331550802139,12,28,0.491310160427807,reward
0.0120320855614974,0.459893048128342,13,28,0.447860962566845,transition
0.00534759358288778,0.459893048128342,14,28,0.454545454545454,transition
0.00868983957219259,0.466577540106952,15,28,0.457887700534759,reward
0.00200534759358295,0.00534759358288778,16,28,0.00334224598930482,control
0.00868983957219259,0.486631016042781,17,28,0.477941176470588,reward
0.018716577540107,0.603609625668449,18,28,0.584893048128342,reward
0.00534759358288778,0.00200534759358295,19,28,-0.00334224598930482,control
0.00200534759358295,0.40975935828877,20,28,0.407754010695187,reward
0.00534759358288772,0.00200534759358295,1,29,-0.00334224598930477,transition
0.00534759358288778,0.00200534759358296,2,29,-0.00334224598930481,transition
0.018716577540107,0.0120320855614974,3,29,-0.00668449197860963,reward
0.00534759358288778,0.00200534759358295,4,29,-0.00334224598930482,reward
0.0120320855614974,0.00200534759358296,5,29,-0.0100267379679144,reward
0.00868983957219259,0.00200534759358295,6,29,-0.00668449197860964,transition
0.00534759358288778,0.00534759358288772,7,29,-5.3776427755281e-17,reward
0.00200534759358295,0.00534759358288772,8,29,0.00334224598930477,reward
0.00200534759358296,0.00534759358288778,9,29,0.00334224598930481,transition
0.00868983957219259,0.00534759358288772,10,29,-0.00334224598930487,transition
0.984625668449198,0.00200534759358296,11,29,-0.982620320855615,control
0.00534759358288778,0.0153743315508022,12,29,0.0100267379679144,control
0.00200534759358295,0.00534759358288778,13,29,0.00334224598930482,reward
0.00200534759358295,0.0220588235294118,14,29,0.0200534759358288,reward
0.00534759358288772,0.0120320855614974,15,29,0.00668449197860968,transition
0.0153743315508022,0.0521390374331552,16,29,0.036764705882353,transition
0.0254010695187167,0.0220588235294118,17,29,-0.00334224598930485,transition
0.0153743315508023,0.00534759358288778,18,29,-0.0100267379679145,control
0.0421122994652407,0.00868983957219259,19,29,-0.0334224598930481,control
0.00534759358288778,0.00868983957219259,20,29,0.00334224598930481,reward
0.00200534759358296,0.239304812834225,1,30,0.237299465240642,transition
0.232620320855615,0.215909090909091,2,30,-0.0167112299465241,reward
0.5,0.5,3,30,0.0,transition
0.513368983957219,0.0120320855614974,4,30,-0.501336898395722,transition
0.911096256684492,0.947860962566845,5,30,0.0367647058823529,control
0.202540106951872,0.222593582887701,6,30,0.0200534759358288,transition
0.496657754010695,0.760695187165775,7,30,0.26403743315508,transition
0.00534759358288778,0.00200534759358296,8,30,-0.00334224598930481,control
0.0120320855614974,0.967914438502674,9,30,0.955882352941176,reward
0.0086898395721926,0.486631016042781,10,30,0.477941176470588,transition
0.0655080213903744,0.957887700534759,11,30,0.892379679144385,reward
0.00534759358288772,0.994652406417112,12,30,0.989304812834225,reward
0.00200534759358296,0.0086898395721926,13,30,0.00668449197860964,control
0.0153743315508023,0.987967914438503,14,30,0.9725935828877,reward
0.00200534759358296,0.994652406417112,15,30,0.992647058823529,reward
0.0086898395721926,0.994652406417112,16,30,0.98596256684492,reward
0.0086898395721926,0.961229946524064,17,30,0.952540106951872,reward
0.0086898395721926,0.503342245989305,18,30,0.494652406417112,transition
0.00534759358288772,0.50668449197861,19,30,0.501336898395722,transition
0.00868983957219259,0.00200534759358296,20,30,-0.00668449197860962,control
0.272727272727273,0.232620320855615,1,31,-0.0401069518716577,reward
0.810828877005348,0.623663101604278,2,31,-0.187165775401069,reward
0.513368983957219,0.643716577540107,3,31,0.130347593582888,transition
0.0086898395721926,0.00534759358288772,4,31,-0.00334224598930488,control
0.00200534759358295,0.00534759358288772,5,31,0.00334224598930477,transition
0.00868983957219259,0.0120320855614974,6,31,0.00334224598930479,transition
0.00534759358288778,0.0220588235294118,7,31,0.0167112299465241,reward
0.0153743315508023,0.00868983957219259,8,31,-0.00668449197860967,reward
0.00200534759358295,0.018716577540107,9,31,0.0167112299465241,reward
0.0354278074866311,0.0120320855614974,10,31,-0.0233957219251337,control
0.00200534759358295,0.00868983957219259,11,31,0.00668449197860964,reward
0.0086898395721926,0.0120320855614974,12,31,0.0033422459893048,reward
0.0086898395721926,0.00534759358288772,13,31,-0.00334224598930488,control
0.0086898395721926,0.0120320855614974,14,31,0.0033422459893048,reward
0.0086898395721926,0.00200534759358295,15,31,-0.00668449197860965,transition
0.0153743315508023,0.0153743315508022,16,31,-4.33680868994202e-17,transition
0.0120320855614974,0.00534759358288778,17,31,-0.00668449197860962,transition
0.0086898395721926,0.0153743315508022,18,31,0.00668449197860961,transition
0.0153743315508022,0.018716577540107,19,31,0.00334224598930481,transition
0.0254010695187167,0.00200534759358296,20,31,-0.0233957219251337,control
0.0320855614973262,0.0220588235294118,1,32,-0.0100267379679144,transition
0.00868983957219259,0.0254010695187167,2,32,0.0167112299465241,reward
0.0220588235294118,0.108957219251337,3,32,0.0868983957219251,transition
0.00868983957219259,0.0889037433155081,4,32,0.0802139037433155,reward
0.00200534759358295,0.0153743315508022,5,32,0.0133689839572193,transition
0.0120320855614974,0.0421122994652407,6,32,0.0300802139037433,control
0.018716577540107,0.0120320855614974,7,32,-0.00668449197860965,reward
0.0120320855614974,0.00534759358288778,8,32,-0.0066844919786096,control
0.00200534759358295,0.0387700534759359,9,32,0.0367647058823529,transition
0.00200534759358295,0.115641711229947,10,32,0.113636363636364,reward
0.0120320855614974,0.05548128342246,11,32,0.0434491978609626,reward
0.00534759358288778,0.205882352941177,12,32,0.200534759358289,reward
0.0086898395721926,0.981283422459893,13,32,0.9725935828877,transition
0.00200534759358296,0.0421122994652408,14,32,0.0401069518716578,control
0.0354278074866311,0.94451871657754,15,32,0.909090909090909,transition
0.0454545454545455,0.891042780748663,16,32,0.845588235294118,reward
0.00534759358288778,0.817513368983957,17,32,0.812165775401069,transition
0.0822192513368985,0.94451871657754,18,32,0.862299465240642,transition
0.00200534759358296,0.0354278074866311,19,32,0.0334224598930481,control
0.00534759358288772,0.794117647058823,20,32,0.788770053475936,reward
0.00534759358288778,0.0955882352941177,1,33,0.0902406417112299,reward
0.00534759358288778,0.269385026737968,2,33,0.26403743315508,control
0.0153743315508023,0.00534759358288772,3,33,-0.0100267379679145,reward
0.0086898395721926,0.00534759358288778,4,33,-0.00334224598930483,control
0.00868983957219259,0.00534759358288778,5,33,-0.00334224598930481,transition
0.00868983957219259,0.0153743315508023,6,33,0.00668449197860967,control
0.00868983957219259,0.00868983957219259,7,33,0.0,transition
0.00534759358288772,0.0086898395721926,8,33,0.00334224598930488,transition
0.0220588235294118,0.0120320855614974,9,33,-0.0100267379679144,transition
0.0153743315508023,0.00868983957219259,10,33,-0.00668449197860967,transition
0.00534759358288772,0.0153743315508023,11,33,0.0100267379679145,control
0.0153743315508022,0.0120320855614974,12,33,-0.00334224598930484,transition
0.0153743315508023,0.00534759358288772,13,33,-0.0100267379679145,reward
0.00868983957219259,0.00868983957219259,14,33,0.0,transition
0.00868983957219259,0.00534759358288772,15,33,-0.00334224598930487,reward
0.0120320855614974,0.00868983957219259,16,33,-0.00334224598930481,reward
0.0120320855614974,0.486631016042781,17,33,0.474598930481283,reward
0.00200534759358296,0.0120320855614974,18,33,0.0100267379679144,reward
0.0120320855614974,0.0120320855614974,19,33,-2.60208521396521e-17,reward
0.00534759358288778,0.00200534759358295,20,33,-0.00334224598930482,transition
0.0287433155080214,0.516711229946524,1,34,0.487967914438503,transition
0.984625668449198,0.991310160427807,2,34,0.00668449197860965,reward
0.259358288770054,0.433155080213904,3,34,0.17379679144385,transition
0.0086898395721926,0.904411764705882,4,34,0.89572192513369,reward
0.00200534759358296,0.774064171122995,5,34,0.772058823529412,reward
0.00868983957219259,0.0086898395721926,6,34,1.56125112837913e-17,control
0.00200534759358296,0.00534759358288778,7,34,0.00334224598930481,control
0.00200534759358296,0.0086898395721926,8,34,0.00668449197860964,control
0.00200534759358295,0.997994652406417,9,34,0.995989304812834,transition
0.00200534759358295,0.780748663101604,10,34,0.778743315508021,reward
0.00200534759358295,0.00868983957219259,11,34,0.00668449197860964,control
0.00534759358288778,0.991310160427807,12,34,0.98596256684492,transition
0.00534759358288778,0.971256684491979,13,34,0.965909090909091,transition
0.00200534759358296,0.997994652406417,14,34,0.995989304812834,reward
0.00200534759358295,0.991310160427807,15,34,0.989304812834224,reward
0.00200534759358295,0.997994652406417,16,34,0.995989304812834,transition
0.00200534759358296,0.994652406417112,17,34,0.992647058823529,reward
0.00534759358288772,0.5,18,34,0.494652406417112,transition
0.00200534759358295,0.994652406417112,19,34,0.992647058823529,reward
0.00200534759358295,0.997994652406417,20,34,0.995989304812834,transition
0.00534759358288772,0.489973262032086,1,35,0.484625668449198,transition
0.0086898395721926,0.5,2,35,0.491310160427807,reward
0.0086898395721926,0.49331550802139,3,35,0.484625668449198,transition
0.0153743315508023,0.496657754010695,4,35,0.481283422459893,transition
0.00534759358288778,0.774064171122995,5,35,0.768716577540107,reward
0.00534759358288778,0.5,6,35,0.494652406417112,control
0.00868983957219259,0.49331550802139,7,35,0.484625668449198,transition
0.00868983957219259,0.503342245989305,8,35,0.494652406417112,control
0.00868983957219259,0.503342245989305,9,35,0.494652406417112,transition
0.00200534759358295,0.5,10,35,0.497994652406417,transition
0.00534759358288772,0.5,11,35,0.494652406417112,reward
0.0086898395721926,0.540106951871658,12,35,0.531417112299465,reward
0.0086898395721926,0.994652406417112,13,35,0.98596256684492,reward
0.0153743315508023,0.5,14,35,0.484625668449198,transition
0.0086898395721926,0.5,15,35,0.491310160427807,reward
0.00868983957219259,0.5,16,35,0.491310160427807,control
0.0153743315508022,0.489973262032086,17,35,0.474598930481283,transition
0.0086898395721926,0.0120320855614974,18,35,0.0033422459893048,control
0.0086898395721926,0.987967914438503,19,35,0.97927807486631,reward
0.0120320855614974,0.49331550802139,20,35,0.481283422459893,reward
0.00200534759358295,0.997994652406417,1,36,0.995989304812834,reward
0.00534759358288772,0.76403743315508,2,36,0.758689839572192,transition
0.00200534759358296,0.760695187165775,3,36,0.758689839572192,transition
0.00200534759358296,0.997994652406417,4,36,0.995989304812834,reward
0.00200534759358296,0.997994652406417,5,36,0.995989304812834,reward
0.00200534759358295,0.757352941176471,6,36,0.755347593582888,transition
0.00200534759358296,0.757352941176471,7,36,0.755347593582888,transition
0.0086898395721926,0.00200534759358295,8,36,-0.00668449197860965,control
0.00534759358288778,0.994652406417112,9,36,0.989304812834225,reward
0.00534759358288772,0.994652406417112,10,36,0.989304812834225,reward
0.00200534759358296,0.760695187165775,11,36,0.758689839572192,transition
0.00534759358288772,0.994652406417112,12,36,0.989304812834225,reward
0.00200534759358296,0.750668449197861,13,36,0.748663101604278,transition
0.00534759358288778,0.754010695187166,14,36,0.748663101604278,transition
0.00534759358288778,0.994652406417112,15,36,0.989304812834225,reward
0.00534759358288778,0.00200534759358295,16,36,-0.00334224598930482,control
0.00534759358288772,0.108957219251337,17,36,0.103609625668449,control
0.00534759358288772,0.00200534759358296,18,36,-0.00334224598930476,control
0.00200534759358295,0.994652406417112,19,36,0.992647058823529,reward
0.00868983957219259,0.76403743315508,20,36,0.755347593582888,transition
0.974598930481283,0.0086898395721926,1,37,-0.965909090909091,control
0.0120320855614974,0.0153743315508022,2,37,0.00334224598930481,reward
0.00868983957219259,0.129010695187166,3,37,0.120320855614973,reward
0.0688502673796792,0.172459893048128,4,37,0.103609625668449,transition
0.189171122994652,0.249331550802139,5,37,0.0601604278074866,transition
0.921122994652406,0.824197860962567,6,37,-0.0969251336898396,reward
0.0287433155080215,0.774064171122995,7,37,0.745320855614973,transition
0.894385026737968,0.0655080213903744,8,37,-0.828877005347593,transition
0.8475935828877,0.1524064171123,9,37,-0.695187165775401,transition
0.256016042780749,0.199197860962567,10,37,-0.0568181818181818,reward
0.0153743315508023,0.0354278074866311,11,37,0.0200534759358288,transition
0.476604278074866,0.68048128342246,12,37,0.203877005347594,control
0.185828877005348,0.5,13,37,0.314171122994652,control
0.129010695187166,0.0521390374331552,14,37,-0.0768716577540106,reward
0.0487967914438503,0.205882352941177,15,37,0.157085561497326,reward
0.0755347593582888,0.807486631016043,16,37,0.731951871657754,reward
0.142379679144385,0.693850267379679,17,37,0.551470588235294,reward
0.443181818181818,0.433155080213904,18,37,-0.0100267379679145,control
0.677139037433155,0.593582887700535,19,37,-0.0835561497326204,transition
0.503342245989305,0.429812834224599,20,37,-0.0735294117647058,transition
0.00534759358288778,0.00534759358288778,1,38,0.0,transition
0.0086898395721926,0.00534759358288772,2,38,-0.00334224598930488,reward
0.00200534759358295,0.00200534759358296,3,38,1.21430643318376e-17,control
0.00200534759358295,0.00200534759358295,4,38,0.0,reward
0.00200534759358295,0.00534759358288778,5,38,0.00334224598930482,reward
0.00200534759358295,0.00534759358288772,6,38,0.00334224598930477,control
0.00534759358288772,0.00534759358288772,7,38,0.0,reward
0.00534759358288778,0.00200534759358295,8,38,-0.00334224598930482,transition
0.0120320855614974,0.00200534759358295,9,38,-0.0100267379679144,transition
0.00534759358288778,0.00534759358288772,10,38,-5.3776427755281e-17,transition
0.00534759358288778,0.00200534759358296,11,38,-0.00334224598930481,transition
0.00200534759358295,0.00200534759358295,12,38,0.0,reward
0.00534759358288778,0.00200534759358296,13,38,-0.00334224598930481,transition
0.00200534759358296,0.00200534759358296,14,38,0.0,reward
0.00534759358288772,0.00534759358288778,15,38,5.3776427755281e-17,control
0.00200534759358295,0.00200534759358295,16,38,0.0,control
0.00200534759358296,0.00200534759358296,17,38,0.0,transition
0.00200534759358296,0.00534759358288772,18,38,0.00334224598930476,reward
0.00200534759358296,0.00200534759358295,19,38,-1.21430643318376e-17,reward
0.0153743315508022,0.0120320855614974,20,38,-0.00334224598930484,transition
0.182486631016043,0.49331550802139,1,39,0.310828877005348,control
0.00200534759358295,0.00534759358288772,2,39,0.00334224598930477,transition
0.00534759358288772,0.00200534759358295,3,39,-0.00334224598930477,control
0.00534759358288772,0.00534759358288772,4,39,0.0,control
0.0153743315508022,0.810828877005348,5,39,0.795454545454545,reward
0.00200534759358296,0.175802139037433,6,39,0.17379679144385,transition
0.00200534759358295,0.760695187165775,7,39,0.758689839572192,reward
0.0086898395721926,0.840909090909091,8,39,0.832219251336898,transition
0.0822192513368984,0.891042780748663,9,39,0.808823529411765,reward
0.00868983957219259,0.787433155080214,10,39,0.778743315508021,reward
0.00534759358288778,0.00534759358288778,11,39,0.0,control
0.00534759358288778,0.974598930481283,12,39,0.969251336898396,transition
0.00534759358288778,0.814171122994652,13,39,0.808823529411765,transition
0.00868983957219259,0.927807486631016,14,39,0.919117647058823,reward
0.00534759358288772,0.997994652406417,15,39,0.992647058823529,transition
0.00534759358288778,0.867647058823529,16,39,0.862299465240642,reward
0.00868983957219259,0.997994652406417,17,39,0.989304812834224,transition
0.00534759358288772,0.86096256684492,18,39,0.855614973262032,reward
0.00534759358288778,0.997994652406417,19,39,0.992647058823529,reward
0.0120320855614974,0.700534759358289,20,39,0.688502673796791,transition
0.630347593582888,0.77072192513369,1,40,0.140374331550802,control
0.0320855614973263,0.159090909090909,2,40,0.127005347593583,transition
0.0354278074866311,0.202540106951872,3,40,0.167112299465241,transition
0.142379679144385,0.459893048128342,4,40,0.317513368983957,transition
0.149064171122995,0.252673796791444,5,40,0.103609625668449,reward
0.00200534759358296,0.469919786096257,6,40,0.467914438502674,reward
0.159090909090909,0.00200534759358296,7,40,-0.157085561497326,control
0.0421122994652407,0.252673796791444,8,40,0.210561497326203,transition
0.0320855614973263,0.00200534759358296,9,40,-0.0300802139037433,transition
0.0755347593582888,0.215909090909091,10,40,0.140374331550802,reward
0.0889037433155081,0.0554812834224599,11,40,-0.0334224598930482,transition
0.00200534759358296,0.102272727272727,12,40,0.100267379679144,control
0.0387700534759359,0.118983957219251,13,40,0.0802139037433155,reward
0.00200534759358296,0.00534759358288772,14,40,0.00334224598930476,transition
0.108957219251337,0.242647058823529,15,40,0.133689839572192,transition
0.115641711229947,0.169117647058824,16,40,0.053475935828877,control
0.0922459893048129,0.456550802139037,17,40,0.364304812834225,reward
0.14572192513369,0.00200534759358296,18,40,-0.143716577540107,reward
0.122326203208556,0.00200534759358295,19,40,-0.120320855614973,reward
0.239304812834225,0.0621657754010696,20,40,-0.177139037433155,reward
0.256016042780749,0.00200534759358296,1,41,-0.254010695187166,reward
0.0153743315508022,0.215909090909091,2,41,0.200534759358289,control
0.790775401069519,0.914438502673797,3,41,0.123663101604278,transition
0.997994652406417,0.974598930481283,4,41,-0.0233957219251337,reward
0.997994652406417,0.0120320855614974,5,41,-0.98596256684492,reward
0.994652406417112,0.914438502673797,6,41,-0.0802139037433156,transition
0.00200534759358296,0.018716577540107,7,41,0.0167112299465241,reward
0.00868983957219259,0.0320855614973262,8,41,0.0233957219251336,transition
0.108957219251337,0.790775401069519,9,41,0.681818181818182,transition
0.00534759358288778,0.292780748663102,10,41,0.287433155080214,reward
0.222593582887701,0.720588235294118,11,41,0.497994652406417,reward
0.0153743315508022,0.239304812834225,12,41,0.223930481283422,control
0.830882352941176,0.921122994652406,13,41,0.0902406417112299,reward
0.834224598930481,0.927807486631016,14,41,0.0935828877005347,transition
0.165775401069519,0.95120320855615,15,41,0.785427807486631,transition
0.0120320855614974,0.0387700534759359,16,41,0.0267379679144385,control
0.0220588235294118,0.276069518716578,17,41,0.254010695187166,reward
0.05548128342246,0.135695187165775,18,41,0.0802139037433155,transition
0.670454545454545,0.205882352941177,19,41,-0.464572192513369,transition
0.0254010695187167,0.192513368983957,20,41,0.167112299465241,control
0.757352941176471,0.496657754010695,1,42,-0.260695187165775,control
0.586898395721925,0.49331550802139,2,42,-0.0935828877005348,reward
0.0120320855614974,0.814171122994652,3,42,0.802139037433155,reward
0.0086898395721926,0.0120320855614974,4,42,0.0033422459893048,reward
0.00868983957219259,0.994652406417112,5,42,0.98596256684492,reward
0.00868983957219259,0.991310160427807,6,42,0.982620320855615,transition
0.0120320855614974,0.994652406417112,7,42,0.982620320855615,control
0.0120320855614974,0.503342245989305,8,42,0.491310160427807,transition
0.00534759358288772,0.987967914438503,9,42,0.982620320855615,transition
0.00868983957219259,0.997994652406417,10,42,0.989304812834224,reward
0.00868983957219259,0.991310160427807,11,42,0.982620320855615,reward
0.00534759358288778,0.991310160427807,12,42,0.98596256684492,transition
0.00534759358288772,0.994652406417112,13,42,0.989304812834225,transition
0.0086898395721926,0.00868983957219259,14,42,-1.56125112837913e-17,control
0.00200534759358295,0.997994652406417,15,42,0.995989304812834,reward
0.00534759358288772,0.997994652406417,16,42,0.992647058823529,transition
0.00200534759358295,0.994652406417112,17,42,0.992647058823529,reward
0.00200534759358295,0.0086898395721926,18,42,0.00668449197860965,control
0.00534759358288778,0.994652406417112,19,42,0.989304812834225,transition
0.00200534759358295,0.991310160427807,20,42,0.989304812834224,transition
0.00534759358288778,0.00534759358288772,1,43,-5.3776427755281e-17,reward
0.683823529411765,0.787433155080214,2,43,0.103609625668449,reward
0.00534759358288772,0.155748663101604,3,43,0.150401069518717,transition
0.00534759358288778,0.750668449197861,4,43,0.745320855614973,reward
0.00534759358288772,0.76403743315508,5,43,0.758689839572192,reward
0.00534759358288778,0.00200534759358296,6,43,-0.00334224598930481,control
0.00868983957219259,0.352941176470588,7,43,0.344251336898396,reward
0.00200534759358295,0.40307486631016,8,43,0.401069518716577,transition
0.0086898395721926,0.727272727272727,9,43,0.718582887700535,transition
0.00534759358288772,0.376336898395722,10,43,0.370989304812834,reward
0.00534759358288778,0.743983957219251,11,43,0.738636363636364,transition
0.00534759358288778,0.50668449197861,12,43,0.501336898395722,transition
0.00200534759358296,0.245989304812834,13,43,0.243983957219251,transition
0.00534759358288772,0.00200534759358296,14,43,-0.00334224598930476,control
0.0086898395721926,0.580213903743315,15,43,0.571524064171123,reward
0.00200534759358295,0.00200534759358295,16,43,0.0,control
0.0220588235294118,0.00534759358288772,17,43,-0.0167112299465241,control
0.00868983957219259,0.383021390374332,18,43,0.374331550802139,transition
0.00534759358288778,0.0387700534759359,19,43,0.0334224598930481,transition
0.00200534759358296,0.476604278074866,20,43,0.474598930481283,reward
0.754010695187166,0.743983957219251,1,44,-0.0100267379679145,control
0.00200534759358296,0.760695187165775,2,44,0.758689839572192,transition
0.00534759358288778,0.489973262032086,3,44,0.484625668449198,control
0.00534759358288772,0.242647058823529,4,44,0.237299465240642,reward
0.5,0.974598930481283,5,44,0.474598930481283,reward
0.0086898395721926,0.232620320855615,6,44,0.223930481283422,reward
0.0120320855614974,0.23596256684492,7,44,0.223930481283422,reward
0.00868983957219259,0.256016042780749,8,44,0.247326203208556,reward
0.0120320855614974,0.767379679144385,9,44,0.755347593582888,reward
0.00200534759358296,0.269385026737968,10,44,0.267379679144385,control
0.0086898395721926,0.730614973262032,11,44,0.721925133689839,transition
0.242647058823529,0.286096256684492,12,44,0.0434491978609626,transition
0.286096256684492,0.249331550802139,13,44,-0.0367647058823529,transition
0.00868983957219259,0.750668449197861,14,44,0.741978609625668,transition
0.0120320855614974,0.249331550802139,15,44,0.237299465240642,transition
0.262700534759358,0.754010695187166,16,44,0.491310160427808,transition
0.269385026737968,0.249331550802139,17,44,-0.0200534759358289,transition
0.0120320855614974,0.242647058823529,18,44,0.230614973262032,reward
0.232620320855615,0.754010695187166,19,44,0.521390374331551,control
0.987967914438503,0.994652406417112,20,44,0.00668449197860965,reward
0.00200534759358295,0.994652406417112,1,45,0.992647058823529,reward
0.00200534759358295,0.997994652406417,2,45,0.995989304812834,transition
0.00200534759358296,0.994652406417112,3,45,0.992647058823529,transition
0.997994652406417,0.185828877005348,4,45,-0.812165775401069,transition
0.00534759358288772,0.997994652406417,5,45,0.992647058823529,transition
0.00200534759358296,0.997994652406417,6,45,0.995989304812834,reward
0.00200534759358296,0.994652406417112,7,45,0.992647058823529,reward
0.00200534759358295,0.991310160427807,8,45,0.989304812834224,reward
0.00868983957219259,0.991310160427807,9,45,0.982620320855615,transition
0.00200534759358295,0.991310160427807,10,45,0.989304812834224,control
0.0120320855614974,0.994652406417112,11,45,0.982620320855615,reward
0.00200534759358295,0.994652406417112,12,45,0.992647058823529,transition
0.00200534759358296,0.997994652406417,13,45,0.995989304812834,reward
0.00200534759358296,0.994652406417112,14,45,0.992647058823529,reward
0.00534759358288772,0.997994652406417,15,45,0.992647058823529,reward
0.00534759358288778,0.991310160427807,16,45,0.98596256684492,control
0.00200534759358295,0.997994652406417,17,45,0.995989304812834,transition
0.0086898395721926,0.00200534759358296,18,45,-0.00668449197860964,control
0.00534759358288778,0.997994652406417,19,45,0.992647058823529,transition
0.00868983957219259,0.00868983957219259,20,45,0.0,control
0.0086898395721926,0.0254010695187167,1,46,0.016711229946524,transition
0.0320855614973262,0.00534759358288778,2,46,-0.0267379679144384,control
0.00868983957219259,0.0120320855614974,3,46,0.00334224598930481,transition
0.00868983957219259,0.0153743315508022,4,46,0.00668449197860962,transition
0.00534759358288778,0.0287433155080214,5,46,0.0233957219251337,transition
0.0287433155080214,0.018716577540107,6,46,-0.0100267379679144,reward
0.0153743315508023,0.00534759358288778,7,46,-0.0100267379679145,control
0.0254010695187167,0.0120320855614974,8,46,-0.0133689839572193,reward
0.00868983957219259,0.0153743315508023,9,46,0.00668449197860967,reward
0.00200534759358296,0.018716577540107,10,46,0.0167112299465241,reward
0.0120320855614974,0.00534759358288778,11,46,-0.00668449197860962,transition
0.0354278074866311,0.0086898395721926,12,46,-0.0267379679144385,reward
0.00534759358288778,0.00868983957219259,13,46,0.00334224598930481,transition
0.00534759358288772,0.0153743315508023,14,46,0.0100267379679145,control
0.00200534759358296,0.00534759358288778,15,46,0.00334224598930481,control
0.00534759358288778,0.0153743315508023,16,46,0.0100267379679145,reward
0.018716577540107,0.0120320855614974,17,46,-0.00668449197860965,transition
0.0153743315508023,0.0421122994652407,18,46,0.0267379679144385,reward
0.0086898395721926,0.00200534759358296,19,46,-0.00668449197860964,transition
0.00200534759358296,0.0220588235294118,20,46,0.0200534759358288,reward
0.50668449197861,0.997994652406417,1,47,0.491310160427807,control
0.997994652406417,0.997994652406417,2,47,0.0,transition
0.994652406417112,0.994652406417112,3,47,0.0,reward
0.516711229946524,0.00200534759358296,4,47,-0.514705882352941,control
0.00200534759358295,0.00200534759358296,5,47,1.21430643318376e-17,transition
0.991310160427807,0.997994652406417,6,47,0.00668449197860965,transition
0.0086898395721926,0.00868983957219259,7,47,-1.56125112837913e-17,transition
0.00534759358288772,0.994652406417112,8,47,0.989304812834225,reward
0.00534759358288772,0.997994652406417,9,47,0.992647058823529,transition
0.00200534759358295,0.997994652406417,10,47,0.995989304812834,transition
0.00200534759358296,0.997994652406417,11,47,0.995989304812834,reward
0.00534759358288778,0.994652406417112,12,47,0.989304812834225,transition
0.00200534759358295,0.0120320855614974,13,47,0.0100267379679144,control
0.994652406417112,0.994652406417112,14,47,0.0,reward
0.00534759358288772,0.994652406417112,15,47,0.989304812834225,reward
0.00200534759358296,0.994652406417112,16,47,0.992647058823529,reward
0.00200534759358295,0.994652406417112,17,47,0.992647058823529,control
0.00200534759358295,0.997994652406417,18,47,0.995989304812834,reward
0.00534759358288778,0.997994652406417,19,47,0.992647058823529,reward
0.00200534759358296,0.997994652406417,20,47,0.995989304812834,transition
0.911096256684492,0.967914438502674,1,48,0.0568181818181819,transition
0.00868983957219259,0.49331550802139,2,48,0.484625668449198,transition
0.018716577540107,0.256016042780749,3,48,0.237299465240642,reward
0.0254010695187167,0.406417112299465,4,48,0.381016042780749,reward
0.00534759358288772,0.00534759358288778,5,48,5.3776427755281e-17,control
0.00868983957219259,0.316176470588235,6,48,0.307486631016043,reward
0.00534759358288778,0.610294117647059,7,48,0.604946524064171,transition
0.00534759358288778,0.342914438502674,8,48,0.337566844919786,transition
0.0120320855614974,0.0153743315508023,9,48,0.00334224598930486,control
0.00200534759358295,0.586898395721925,10,48,0.584893048128342,transition
0.00534759358288772,0.018716577540107,11,48,0.0133689839572193,control
0.105614973262032,0.286096256684492,12,48,0.18048128342246,reward
0.0120320855614974,0.954545454545454,13,48,0.942513368983957,reward
0.0655080213903744,0.901069518716577,14,48,0.835561497326203,transition
0.0320855614973262,0.620320855614973,15,48,0.588235294117647,transition
0.018716577540107,0.914438502673797,16,48,0.89572192513369,transition
0.05548128342246,0.894385026737968,17,48,0.838903743315508,reward
0.018716577540107,0.018716577540107,18,48,0.0,control
0.0454545454545455,0.787433155080214,19,48,0.741978609625668,reward
0.0220588235294118,0.804144385026738,20,48,0.782085561497326,reward
0.00534759358288772,0.0120320855614974,1,49,0.00668449197860965,control
0.00534759358288772,0.0287433155080214,2,49,0.0233957219251337,transition
0.00534759358288778,0.00200534759358295,3,49,-0.00334224598930482,transition
0.95120320855615,0.199197860962567,4,49,-0.752005347593583,control
0.00868983957219259,0.00534759358288772,5,49,-0.00334224598930487,reward
0.0120320855614974,0.00868983957219259,6,49,-0.00334224598930481,control
0.00200534759358295,0.072192513368984,7,49,0.0701871657754011,reward
0.00868983957219259,0.13903743315508,8,49,0.130347593582888,transition
0.00534759358288772,0.018716577540107,9,49,0.0133689839572193,transition
0.0287433155080214,0.0387700534759359,10,49,0.0100267379679144,reward
0.0120320855614974,0.00200534759358296,11,49,-0.0100267379679144,control
0.0120320855614974,0.018716577540107,12,49,0.00668449197860965,reward
0.018716577540107,0.0554812834224599,13,49,0.0367647058823529,reward
0.0120320855614974,0.894385026737968,14,49,0.88235294117647,reward
0.0220588235294118,0.891042780748663,15,49,0.868983957219251,reward
0.0120320855614974,0.693850267379679,16,49,0.681818181818182,transition
0.0287433155080214,0.907754010695187,17,49,0.879010695187166,transition
0.00200534759358296,0.707219251336898,18,49,0.705213903743315,transition
0.0487967914438503,0.907754010695187,19,49,0.858957219251337,transition
0.0254010695187167,0.924465240641711,20,49,0.899064171122995,reward
0.00534759358288772,0.997994652406417,1,50,0.992647058823529,transition
0.00534759358288772,0.997994652406417,2,50,0.992647058823529,transition
0.00534759358288772,0.991310160427807,3,50,0.98596256684492,reward
0.00200534759358296,0.994652406417112,4,50,0.992647058823529,transition
0.00200534759358295,0.00200534759358296,5,50,1.21430643318376e-17,control
0.00534759358288772,0.00200534759358296,6,50,-0.00334224598930476,control
0.00534759358288772,0.994652406417112,7,50,0.989304812834225,reward
0.00868983957219259,0.997994652406417,8,50,0.989304812834224,reward
0.00534759358288778,0.994652406417112,9,50,0.989304812834225,transition
0.00200534759358296,0.997994652406417,10,50,0.995989304812834,transition
0.00200534759358296,0.997994652406417,11,50,0.995989304812834,transition
0.00200534759358296,0.997994652406417,12,50,0.995989304812834,reward
0.00200534759358296,0.00534759358288772,13,50,0.00334224598930476,control
0.00200534759358296,0.997994652406417,14,50,0.995989304812834,reward
0.00534759358288772,0.997994652406417,15,50,0.992647058823529,reward
0.00200534759358295,0.00200534759358296,16,50,1.21430643318376e-17,control
0.00534759358288772,0.997994652406417,17,50,0.992647058823529,reward
0.00200534759358296,0.997994652406417,18,50,0.995989304812834,reward
0.00200534759358295,0.994652406417112,19,50,0.992647058823529,transition
0.00200534759358296,0.997994652406417,20,50,0.995989304812834,transition
0.0086898395721926,0.00200534759358296,1,51,-0.00668449197860964,control
0.00534759358288772,0.997994652406417,2,51,0.992647058823529,reward
0.00534759358288772,0.994652406417112,3,51,0.989304812834225,reward
0.00200534759358296,0.994652406417112,4,51,0.992647058823529,reward
0.00200534759358296,0.997994652406417,5,51,0.995989304812834,transition
0.00534759358288778,0.997994652406417,6,51,0.992647058823529,transition
0.00534759358288772,0.991310160427807,7,51,0.98596256684492,transition
0.00868983957219259,0.997994652406417,8,51,0.989304812834224,transition
0.00534759358288778,0.994652406417112,9,51,0.989304812834225,reward
0.0086898395721926,0.994652406417112,10,51,0.98596256684492,transition
0.00200534759358295,0.994652406417112,11,51,0.992647058823529,reward
0.00534759358288772,0.994652406417112,12,51,0.989304812834225,transition
0.00534759358288772,0.00200534759358296,13,51,-0.00334224598930476,control
0.00534759358288778,0.997994652406417,14,51,0.992647058823529,reward
0.00534759358288772,0.997994652406417,15,51,0.992647058823529,transition
0.00200534759358296,0.994652406417112,16,51,0.992647058823529,transition
0.0120320855614974,0.00200534759358295,17,51,-0.0100267379679144,control
0.0153743315508022,0.997994652406417,18,51,0.982620320855615,reward
0.00534759358288772,0.00200534759358296,19,51,-0.00334224598930476,control
0.0120320855614974,0.994652406417112,20,51,0.982620320855615,reward
0.670454545454545,0.118983957219251,1,52,-0.551470588235294,reward
0.0120320855614974,0.0120320855614974,2,52,-2.60208521396521e-17,transition
0.0153743315508022,0.0120320855614974,3,52,-0.00334224598930481,transition
0.00868983957219259,0.00868983957219259,4,52,0.0,transition
0.00534759358288778,0.0120320855614974,5,52,0.0066844919786096,reward
0.0120320855614974,0.0153743315508023,6,52,0.00334224598930488,reward
0.0120320855614974,0.00200534759358295,7,52,-0.0100267379679144,reward
0.0254010695187167,0.00534759358288778,8,52,-0.0200534759358289,control
0.00534759358288778,0.0086898395721926,9,52,0.00334224598930483,control
0.00200534759358295,0.00200534759358295,10,52,0.0,reward
0.0320855614973263,0.0153743315508023,11,52,-0.016711229946524,reward
0.0086898395721926,0.0120320855614974,12,52,0.0033422459893048,control
0.00200534759358295,0.00868983957219259,13,52,0.00668449197860964,reward
0.00534759358288778,0.00534759358288778,14,52,0.0,transition
0.0153743315508022,0.018716577540107,15,52,0.00334224598930481,transition
0.0153743315508022,0.0086898395721926,16,52,-0.00668449197860961,reward
0.0086898395721926,0.0120320855614974,17,52,0.00334224598930477,transition
0.0086898395721926,0.0120320855614974,18,52,0.00334224598930477,control
0.00534759358288778,0.018716577540107,19,52,0.0133689839572193,transition
0.018716577540107,0.0086898395721926,20,52,-0.0100267379679144,transition
0.13903743315508,0.767379679144385,1,53,0.628342245989305,reward
0.00200534759358295,0.994652406417112,2,53,0.992647058823529,transition
0.0220588235294118,0.00200534759358296,3,53,-0.0200534759358289,transition
0.00534759358288778,0.5,4,53,0.494652406417112,transition
0.00200534759358296,0.503342245989305,5,53,0.501336898395722,transition
0.00534759358288772,0.503342245989305,6,53,0.497994652406417,transition
0.00534759358288778,0.00534759358288772,7,53,-5.3776427755281e-17,control
0.00200534759358296,0.496657754010695,8,53,0.494652406417112,transition
0.00200534759358296,0.00534759358288772,9,53,0.00334224598930476,control
0.00200534759358296,0.00200534759358296,10,53,0.0,control
0.00200534759358296,0.5,11,53,0.497994652406417,transition
0.00200534759358296,0.994652406417112,12,53,0.992647058823529,reward
0.00200534759358296,0.5,13,53,0.497994652406417,transition
0.00200534759358296,0.994652406417112,14,53,0.992647058823529,reward
0.00868983957219259,0.994652406417112,15,53,0.98596256684492,reward
0.00200534759358296,0.994652406417112,16,53,0.992647058823529,reward
0.00534759358288778,0.00534759358288772,17,53,-5.3776427755281e-17,control
0.00200534759358295,0.994652406417112,18,53,0.992647058823529,reward
0.00868983957219259,0.997994652406417,19,53,0.989304812834224,reward
0.00200534759358295,0.994652406417112,20,53,0.992647058823529,reward
0.00534759358288778,0.633689839572192,1,54,0.628342245989305,transition
0.00200534759358296,0.667112299465241,2,54,0.665106951871658,transition
0.00534759358288772,0.383021390374332,3,54,0.377673796791444,reward
0.00534759358288772,0.00534759358288772,4,54,0.0,control
0.00200534759358296,0.349598930481283,5,54,0.3475935828877,reward
0.00868983957219259,0.0120320855614974,6,54,0.00334224598930479,control
0.0120320855614974,0.40307486631016,7,54,0.391042780748663,transition
0.00534759358288778,0.40307486631016,8,54,0.397727272727273,reward
0.0153743315508023,0.00534759358288778,9,54,-0.0100267379679145,control
0.00200534759358296,0.573529411764706,10,54,0.571524064171123,transition
0.00868983957219259,0.0120320855614974,11,54,0.00334224598930481,control
0.00534759358288772,0.59024064171123,12,54,0.584893048128342,transition
0.0120320855614974,0.827540106951872,13,54,0.815508021390374,transition
0.0120320855614974,0.623663101604278,14,54,0.611631016042781,transition
0.0153743315508023,0.67379679144385,15,54,0.658422459893048,reward
0.0120320855614974,0.797459893048128,16,54,0.785427807486631,reward
0.00200534759358296,0.650401069518717,17,54,0.648395721925134,reward
0.0120320855614974,0.743983957219251,18,54,0.731951871657754,reward
0.00534759358288778,0.366310160427808,19,54,0.36096256684492,transition
0.0588235294117648,0.767379679144385,20,54,0.70855614973262,reward
0.00200534759358295,0.018716577540107,1,55,0.0167112299465241,transition
0.00534759358288778,0.00534759358288778,2,55,0.0,transition
0.00868983957219259,0.00534759358288772,3,55,-0.00334224598930487,control
0.05548128342246,0.00534759358288772,4,55,-0.0501336898395722,transition
0.00200534759358295,0.00200534759358295,5,55,0.0,reward
0.00534759358288772,0.00534759358288772,6,55,0.0,reward
0.00200534759358296,0.00200534759358296,7,55,0.0,reward
0.00534759358288778,0.00534759358288778,8,55,0.0,transition
0.00534759358288772,0.00200534759358296,9,55,-0.00334224598930476,reward
0.964572192513369,0.997994652406417,10,55,0.0334224598930482,control
0.00534759358288772,0.00200534759358295,11,55,-0.00334224598930477,control
0.00200534759358296,0.00200534759358295,12,55,-1.21430643318376e-17,transition
0.00200534759358296,0.00200534759358295,13,55,-1.21430643318376e-17,reward
0.00534759358288772,0.00868983957219259,14,55,0.00334224598930487,reward
0.0086898395721926,0.00200534759358296,15,55,-0.00668449197860964,control
0.00534759358288778,0.0086898395721926,16,55,0.00334224598930483,reward
0.0086898395721926,0.00534759358288772,17,55,-0.00334224598930488,transition
0.00200534759358296,0.00534759358288772,18,55,0.00334224598930476,reward
0.00534759358288772,0.00534759358288772,19,55,0.0,transition
0.00534759358288778,0.00534759358288772,20,55,-5.3776427755281e-17,transition
0.00200534759358296,0.994652406417112,1,56,0.992647058823529,reward
0.00200534759358295,0.00200534759358296,2,56,1.21430643318376e-17,control
0.00868983957219259,0.00868983957219259,3,56,0.0,control
0.00534759358288778,0.991310160427807,4,56,0.98596256684492,transition
0.0153743315508023,0.991310160427807,5,56,0.975935828877005,reward
0.0153743315508022,0.984625668449198,6,56,0.969251336898395,reward
0.0120320855614974,0.0086898395721926,7,56,-0.00334224598930477,control
0.0120320855614974,0.987967914438503,8,56,0.975935828877005,transition
0.0220588235294118,0.981283422459893,9,56,0.959224598930481,transition
0.0120320855614974,0.0120320855614974,10,56,-2.60208521396521e-17,control
0.0086898395721926,0.830882352941176,11,56,0.822192513368984,transition
0.0354278074866311,0.814171122994652,12,56,0.778743315508021,transition
0.0254010695187167,0.844251336898396,13,56,0.818850267379679,reward
0.0220588235294118,0.840909090909091,14,56,0.818850267379679,transition
0.0120320855614974,0.914438502673797,15,56,0.902406417112299,transition
0.0220588235294118,0.864304812834225,16,56,0.842245989304813,transition
0.0320855614973263,0.780748663101604,17,56,0.748663101604278,reward
0.0220588235294118,0.837566844919786,18,56,0.815508021390374,reward
0.0287433155080215,0.743983957219251,19,56,0.71524064171123,reward
0.0387700534759359,0.780748663101604,20,56,0.741978609625668,reward
0.00534759358288772,0.00200534759358295,1,57,-0.00334224598930477,transition
0.00534759358288778,0.5,2,57,0.494652406417112,reward
0.00534759358288772,0.00200534759358295,3,57,-0.00334224598930477,reward
0.00200534759358295,0.00868983957219259,4,57,0.00668449197860964,transition
0.00534759358288778,0.00200534759358296,5,57,-0.00334224598930481,reward
0.00534759358288772,0.0086898395721926,6,57,0.00334224598930488,reward
0.00534759358288772,0.00534759358288772,7,57,0.0,transition
0.00200534759358295,0.00534759358288778,8,57,0.00334224598930482,reward
0.00534759358288772,0.0120320855614974,9,57,0.00668449197860968,transition
0.00534759358288772,0.0086898395721926,10,57,0.00334224598930488,transition
0.00200534759358295,0.00534759358288778,11,57,0.00334224598930482,control
0.00200534759358295,0.0086898395721926,12,57,0.00668449197860965,transition
0.0120320855614974,0.00200534759358295,13,57,-0.0100267379679144,control
0.0153743315508023,0.0120320855614974,14,57,-0.00334224598930488,transition
0.00534759358288778,0.00200534759358296,15,57,-0.00334224598930481,control
0.00200534759358296,0.00868983957219259,16,57,0.00668449197860962,reward
0.00868983957219259,0.0120320855614974,17,57,0.00334224598930481,reward
0.00868983957219259,0.00534759358288772,18,57,-0.00334224598930487,transition
0.00200534759358296,0.00200534759358295,19,57,-1.21430643318376e-17,control
0.00534759358288772,0.0120320855614974,20,57,0.00668449197860965,reward
0.00200534759358295,0.00868983957219259,1,58,0.00668449197860964,control
0.00534759358288772,0.984625668449198,2,58,0.97927807486631,reward
0.00534759358288772,0.991310160427807,3,58,0.98596256684492,reward
0.0153743315508023,0.997994652406417,4,58,0.982620320855615,transition
0.00200534759358296,0.00200534759358295,5,58,-1.21430643318376e-17,control
0.00534759358288778,0.994652406417112,6,58,0.989304812834225,reward
0.00534759358288772,0.997994652406417,7,58,0.992647058823529,reward
0.00534759358288772,0.994652406417112,8,58,0.989304812834225,transition
0.00534759358288772,0.991310160427807,9,58,0.98596256684492,transition
0.00200534759358296,0.994652406417112,10,58,0.992647058823529,reward
0.00534759358288778,0.994652406417112,11,58,0.989304812834225,transition
0.00868983957219259,0.991310160427807,12,58,0.982620320855615,transition
0.00868983957219259,0.994652406417112,13,58,0.98596256684492,transition
0.00200534759358295,0.991310160427807,14,58,0.989304812834224,transition
0.00534759358288772,0.987967914438503,15,58,0.982620320855615,reward
0.00534759358288772,0.994652406417112,16,58,0.989304812834225,reward
0.00200534759358296,0.00200534759358296,17,58,0.0,control
0.00534759358288778,0.00200534759358296,18,58,-0.00334224598930481,control
0.00200534759358296,0.994652406417112,19,58,0.992647058823529,reward
0.00200534759358296,0.991310160427807,20,58,0.989304812834224,transition
